region,latitude,longitude,soil_type,flood_frequency,rainfall_intensity,elevation_category,distance_from_river,label,rainfall_source,elevation_source,rainfall_category
Coastal Odisha,18.321107933128253,85.21289456353927,clay,3.2455581235172177,226.52166301727132,low,0.2,High,region-rule-offline,region-rule-offline,Heavy
Himalayan Foothills,30.931467081092723,86.40512841616686,sandy,1.0,80.0,high,5.0,Low,region-rule-offline,region-rule-offline,Moderate
Himalayan Foothills,28.3216544457552,74.83475410499945,sandy,1.0,94.00967369606792,high,5.0,Low,region-rule-offline,region-rule-offline,Moderate
Ganges Plains,27.56871827081938,80.69551066103533,silt,3.0,120.0,low,0.5,High,region-rule-offline,region-rule-offline,Heavy
Coastal Odisha,18.2197821632989,83.85261724906816,clay,4.0,200.0,low,0.2,High,region-rule-offline,region-rule-offline,Heavy
Western Ghats,15.665382705647168,74.58661776606651,loam,2.0,300.0,mid,2.0,Medium,region-rule-offline,region-rule-offline,Heavy
Ganges Plains,24.804604253558782,82.49373033040716,silt,3.0,120.0,low,0.5,High,region-rule-offline,region-rule-offline,Heavy
Himalayan Foothills,31.885808340414883,89.25981745903951,sandy,1.0,77.04633713995969,high,5.0,Low,region-rule-offline,region-rule-offline,Moderate
Ganges Plains,24.446208694383508,83.47812200535284,silt,3.0,120.0,low,0.5,High,region-rule-offline,region-rule-offline,Heavy
Western Ghats,13.063526846126365,74.3407530216392,loam,2.189614716469801,240.32843748507062,mid,2.0,Medium,region-rule-offline,region-rule-offline,Heavy
Ganges Plains,24.881762488162785,84.71412547100726,silt,3.0,120.0,low,0.5,High,region-rule-offline,region-rule-offline,Heavy
Ganges Plains,26.245472536652603,82.10193286818348,silt,3.0,120.0,low,0.5,High,region-rule-offline,region-rule-offline,Heavy
Ganges Plains,24.002287584511773,82.59324845603739,silt,4.154096472485298,101.59050044900334,low,0.6019662081946333,High,region-rule-offline,region-rule-offline,Heavy
Himalayan Foothills,33.704717666838114,90.99187592067157,sandy,1.0,94.30861374054092,high,5.0,Low,region-rule-offline,region-rule-offline,Moderate
Western Ghats,14.827583604552837,76.81372135388042,loam,2.0,300.0,mid,2.0,Medium,region-rule-offline,region-rule-offline,Heavy
Western Ghats,8.155066296400086,75.15767619169013,loam,2.1382307421807534,354.37283822354345,mid,2.0,Medium,region-rule-offline,region-rule-offline,Heavy
Ganges Plains,24.387723256915294,83.44840945925102,silt,3.0,120.0,low,0.5,High,region-rule-offline,region-rule-offline,Heavy
Western Ghats,13.754191690207737,75.0191126592976,loam,2.0,300.0,mid,2.0,Medium,region-rule-offline,region-rule-offline,Heavy
Coastal Odisha,18.94174693517508,86.39206111802534,clay,4.0,200.0,low,0.2,High,region-rule-offline,region-rule-offline,Heavy
Ganges Plains,24.254110824607828,83.05295429205229,silt,3.0,120.0,low,0.5,High,region-rule-offline,region-rule-offline,Heavy
Ganges Plains,25.610485128409074,82.7144208431597,silt,2.593032372705141,121.16627458680897,low,0.5365851073551918,High,region-rule-offline,region-rule-offline,Heavy
Himalayan Foothills,30.7686873650727,74.2318568327016,sandy,1.0,80.0,high,5.0,Low,region-rule-offline,region-rule-offline,Moderate
Himalayan Foothills,29.388857407336154,85.43216076770163,sandy,1.0,80.0,high,5.0,Low,region-rule-offline,region-rule-offline,Moderate
Himalayan Foothills,29.729306772168734,89.958677251701,sandy,1.0,65.89269760331803,high,4.9595252225882005,Low,region-rule-offline,region-rule-offline,Moderate
Western Ghats,14.007715812947783,76.0801847542961,loam,1.6463186818491142,215.29223886329612,mid,2.349913389821299,Medium,region-rule-offline,region-rule-offline,Heavy
Himalayan Foothills,30.8230049395098,84.37868029924005,sandy,1.0,75.56980142995229,high,5.0,Low,region-rule-offline,region-rule-offline,Moderate
Coastal Odisha,19.108581266216653,83.63098732942893,clay,4.0,200.0,low,0.2,High,region-rule-offline,region-rule-offline,Heavy
Coastal Odisha,19.92444521582288,84.59871353744025,clay,4.0,200.0,low,0.2,High,region-rule-offline,region-rule-offline,Heavy
Himalayan Foothills,32.03368950581944,77.12070949337402,sandy,1.0,66.97288618133749,high,5.0,Low,region-rule-offline,region-rule-offline,Moderate
Himalayan Foothills,33.704717666838114,90.99187592067157,sandy,1.0,94.30861374054092,high,5.0,Low,region-rule-offline,region-rule-offline,Moderate
Himalayan Foothills,32.020801057127116,88.2969287936067,sandy,1.0,78.12761396593798,high,5.0,Low,region-rule-offline,region-rule-offline,Moderate
Ganges Plains,26.592141540986376,84.8730480453359,silt,3.0,120.0,low,0.5,High,region-rule-offline,region-rule-offline,Heavy
Coastal Odisha,20.43231515982119,86.5256648186533,clay,4.0,200.0,low,0.2,High,region-rule-offline,region-rule-offline,Heavy
Western Ghats,11.484595944031154,75.92410485722048,loam,2.0,300.0,mid,2.0,Medium,region-rule-offline,region-rule-offline,Heavy
Coastal Odisha,19.990166144898232,86.75572001570842,clay,3.3515172468131356,250.9161263511438,low,0.2,High,region-rule-offline,region-rule-offline,Heavy
Himalayan Foothills,29.11089905462597,76.11130815769351,sandy,1.0,80.0,high,5.0,Low,region-rule-offline,region-rule-offline,Moderate
Ganges Plains,25.261812192236327,82.14192700780562,silt,3.0,120.0,low,0.5,High,region-rule-offline,region-rule-offline,Heavy
Himalayan Foothills,32.5599432163661,75.8676065286552,sandy,1.0,84.61796816779798,high,5.0,Low,region-rule-offline,region-rule-offline,Moderate
Himalayan Foothills,32.13206794727256,85.29494001453862,sandy,1.0,79.06554561284715,high,5.0,Low,region-rule-offline,region-rule-offline,Moderate
Western Ghats,9.085595897844513,74.84679377620604,loam,2.106037670817554,237.17510242146,mid,2.0,Medium,region-rule-offline,region-rule-offline,Heavy
Western Ghats,8.678364293800975,75.06180803966086,loam,1.2199543954410745,287.6549572111813,mid,2.0,Medium,region-rule-offline,region-rule-offline,Heavy
Ganges Plains,24.911593102606187,82.31510370881686,silt,3.3531887424061986,143.1093911532188,low,0.5,High,region-rule-offline,region-rule-offline,Heavy
Himalayan Foothills,30.7686873650727,74.2318568327016,sandy,1.0,80.0,high,5.0,Low,region-rule-offline,region-rule-offline,Moderate
Himalayan Foothills,29.9339295001498,76.75699014582807,sandy,1.0,55.187260741645005,high,5.0,Low,region-rule-offline,region-rule-offline,Moderate
Coastal Odisha,18.92785398662596,84.63357163447687,clay,4.012170467575054,183.70248734780472,low,0.2,High,region-rule-offline,region-rule-offline,Heavy
Coastal Odisha,19.257674746007616,85.3346891571649,clay,4.519172039339092,220.158392051565,low,0.2,High,region-rule-offline,region-rule-offline,Heavy
Himalayan Foothills,29.73166352983505,74.36271950531946,sandy,1.0,93.92777806296662,high,5.0,Low,region-rule-offline,region-rule-offline,Moderate
Ganges Plains,25.901129512394924,84.39842874795956,silt,2.207012859764059,107.46682438423309,low,0.5,High,region-rule-offline,region-rule-offline,Heavy
Coastal Odisha,19.289664449969504,85.31993912478274,clay,4.0,200.0,low,0.2,High,region-rule-offline,region-rule-offline,Heavy
Himalayan Foothills,31.3135084543224,73.77097482434893,sandy,1.0,69.4647807993966,high,5.0,Low,region-rule-offline,region-rule-offline,Moderate
Himalayan Foothills,29.10618202234049,72.97615762648797,sandy,1.0,103.73737413968095,high,5.0,Medium,region-rule-offline,region-rule-offline,Heavy
Western Ghats,13.340621860690824,76.95156981226579,loam,1.670398910154851,321.96479668182457,mid,2.0,Medium,region-rule-offline,region-rule-offline,Heavy
Ganges Plains,24.363637648695175,80.37693100339787,silt,2.21824586908917,127.43494482977964,low,0.5,High,region-rule-offline,region-rule-offline,Heavy
Himalayan Foothills,32.959786957900356,73.35678690026047,sandy,1.0,91.44046900726195,high,5.0,Low,region-rule-offline,region-rule-offline,Moderate
Himalayan Foothills,32.93269387179658,79.61344140278686,sandy,1.0,80.0,high,5.0,Low,region-rule-offline,region-rule-offline,Moderate
Western Ghats,11.484595944031154,75.92410485722048,loam,2.0,300.0,mid,2.0,Medium,region-rule-offline,region-rule-offline,Heavy
Western Ghats,13.720117640395747,73.30398591137224,loam,1.9230203381215822,351.97700571116195,mid,2.0,Medium,region-rule-offline,region-rule-offline,Heavy
Coastal Odisha,19.380909704036824,84.22076346935441,clay,3.79049268660777,199.02833893119532,low,0.2,High,region-rule-offline,region-rule-offline,Heavy
Ganges Plains,26.557707193831536,80.20008604178133,silt,3.7610232719857466,112.81022284975579,low,0.5,High,region-rule-offline,region-rule-offline,Heavy
Ganges Plains,24.04592408777128,85.76577455488156,silt,3.0,120.0,low,0.5,High,region-rule-offline,region-rule-offline,Heavy
Coastal Odisha,18.795609174516457,86.13628240779428,clay,4.0,200.0,low,0.2,High,region-rule-offline,region-rule-offline,Heavy
Coastal Odisha,18.94174693517508,86.39206111802534,clay,4.0,200.0,low,0.2,High,region-rule-offline,region-rule-offline,Heavy
Western Ghats,9.555481893917674,75.78541700196202,loam,1.8509189981669438,349.15539555943235,mid,2.062435678553894,Medium,region-rule-offline,region-rule-offline,Heavy
Himalayan Foothills,28.950268982831396,82.46594113305073,sandy,1.0,80.0,high,5.0,Low,region-rule-offline,region-rule-offline,Moderate
Himalayan Foothills,32.93269387179658,79.61344140278686,sandy,1.0,80.0,high,5.0,Low,region-rule-offline,region-rule-offline,Moderate
Ganges Plains,27.884313510454472,86.88623761787599,silt,3.0,120.0,low,0.5,High,region-rule-offline,region-rule-offline,Heavy
Himalayan Foothills,31.307590461282818,79.28813425169585,sandy,1.0,68.50250922624258,high,5.0,Low,region-rule-offline,region-rule-offline,Moderate
Himalayan Foothills,29.657484416932245,87.01011745805916,sandy,1.0,90.66841158164473,high,5.0,Low,region-rule-offline,region-rule-offline,Moderate
Ganges Plains,27.990150425980442,84.07621034941171,silt,2.5641639539866743,103.44783990033248,low,0.5,High,region-rule-offline,region-rule-offline,Heavy
Western Ghats,13.214037241951115,76.01693281623811,loam,2.0,300.0,mid,2.0,Medium,region-rule-offline,region-rule-offline,Heavy
Western Ghats,11.043048231421693,73.02358433433598,loam,2.0,300.0,mid,2.0,Medium,region-rule-offline,region-rule-offline,Heavy
Coastal Odisha,19.992713054733816,84.32080014417039,clay,4.232226021742278,206.25537310655892,low,0.2177397927541197,High,region-rule-offline,region-rule-offline,Heavy
Himalayan Foothills,32.74444497906052,76.28805560423565,sandy,1.0,80.0,high,5.0,Low,region-rule-offline,region-rule-offline,Moderate
Western Ghats,14.55440939448868,76.85888309213635,loam,2.0,300.0,mid,2.0,Medium,region-rule-offline,region-rule-offline,Heavy
Himalayan Foothills,32.299619955950746,81.66856828632072,sandy,1.0,80.0,high,5.0,Low,region-rule-offline,region-rule-offline,Moderate
Himalayan Foothills,32.299619955950746,81.66856828632072,sandy,1.0,80.0,high,5.0,Low,region-rule-offline,region-rule-offline,Moderate
Western Ghats,10.160659171099207,76.23279687522702,loam,1.563675940754651,238.7875701935472,mid,2.3800836318778478,Medium,region-rule-offline,region-rule-offline,Heavy
Western Ghats,13.201152745999,76.12493219844357,loam,2.0,300.0,mid,2.0,Medium,region-rule-offline,region-rule-offline,Heavy
Himalayan Foothills,33.275957530878856,88.41651175414317,sandy,1.0,85.48640372127123,high,4.907435070810132,Low,region-rule-offline,region-rule-offline,Moderate
Himalayan Foothills,29.640549380279644,87.8597549659572,sandy,1.0,80.0,high,5.0,Low,region-rule-offline,region-rule-offline,Moderate
Western Ghats,8.081208915509418,76.79225031110812,loam,2.3172825026939505,358.009638970175,mid,2.0,Medium,region-rule-offline,region-rule-offline,Heavy
Himalayan Foothills,32.184504357461165,74.39931036620978,sandy,1.0,80.0,high,5.0,Low,region-rule-offline,region-rule-offline,Moderate
Himalayan Foothills,32.47561262028166,78.28503464672268,sandy,1.0,83.59893930031626,high,5.681824374569349,Low,region-rule-offline,region-rule-offline,Moderate
Western Ghats,14.807622690499674,73.72735942863076,loam,2.444043494275414,157.68318582715378,mid,2.0,Medium,region-rule-offline,region-rule-offline,Heavy
Ganges Plains,25.100117273476478,81.78568590519058,silt,3.599830847885788,133.31829038429802,low,0.5,High,region-rule-offline,region-rule-offline,Heavy
Coastal Odisha,18.94174693517508,86.39206111802534,clay,4.0,200.0,low,0.2,High,region-rule-offline,region-rule-offline,Heavy
Coastal Odisha,20.386036497458583,83.91038194963109,clay,4.321236371480433,145.0961859242169,low,0.2,High,region-rule-offline,region-rule-offline,Heavy
Western Ghats,13.01398749585425,74.09838978767016,loam,2.0,300.0,mid,2.0,Medium,region-rule-offline,region-rule-offline,Heavy
Western Ghats,14.126509474377324,75.08519925131193,loam,1.356724598077812,349.77695204061195,mid,2.0,Medium,region-rule-offline,region-rule-offline,Heavy
Western Ghats,10.160659171099207,76.23279687522702,loam,1.563675940754651,238.7875701935472,mid,2.3800836318778478,Medium,region-rule-offline,region-rule-offline,Heavy
Western Ghats,14.261082770888157,74.3888150612338,loam,1.5537084371125285,233.08860516156503,mid,2.0,Medium,region-rule-offline,region-rule-offline,Heavy
Himalayan Foothills,32.992859042613404,81.4691345894367,sandy,1.0,80.0,high,5.0,Low,region-rule-offline,region-rule-offline,Moderate
Ganges Plains,27.936660845463866,80.78734296921567,silt,3.0,120.0,low,0.5,High,region-rule-offline,region-rule-offline,Heavy
Western Ghats,13.754191690207737,75.0191126592976,loam,2.0,300.0,mid,2.0,Medium,region-rule-offline,region-rule-offline,Heavy
Western Ghats,11.78548948727461,76.60472330331302,loam,2.0,300.0,mid,2.0,Medium,region-rule-offline,region-rule-offline,Heavy
Western Ghats,12.143662003549927,73.20087354056257,loam,2.1570489101112877,257.2138755155352,mid,2.0,Medium,region-rule-offline,region-rule-offline,Heavy
Western Ghats,12.305383251586047,74.93399001553279,loam,1.6163086531461686,332.03406332035377,mid,2.0,Medium,region-rule-offline,region-rule-offline,Heavy
Ganges Plains,27.229987991066572,81.52327931489502,silt,3.0,120.0,low,0.5,High,region-rule-offline,region-rule-offline,Heavy
Himalayan Foothills,32.14365603667914,84.27215509507809,sandy,1.0,80.0,high,5.0,Low,region-rule-offline,region-rule-offline,Moderate
Coastal Odisha,18.94174693517508,86.39206111802534,clay,4.0,200.0,low,0.2,High,region-rule-offline,region-rule-offline,Heavy
Ganges Plains,25.05952066599221,81.97302006155186,silt,2.8785501352735916,146.1233341585925,low,0.5,High,region-rule-offline,region-rule-offline,Heavy
Western Ghats,13.720117640395747,73.30398591137224,loam,1.9230203381215822,351.97700571116195,mid,2.0,Medium,region-rule-offline,region-rule-offline,Heavy
Himalayan Foothills,30.65632602411597,88.34316665069741,sandy,1.0,80.0,high,5.0,Low,region-rule-offline,region-rule-offline,Moderate
Western Ghats,10.160659171099207,76.23279687522702,loam,1.563675940754651,238.7875701935472,mid,2.3800836318778478,Medium,region-rule-offline,region-rule-offline,Heavy
Coastal Odisha,20.15926278904185,84.20128907284506,clay,4.0,200.0,low,0.2,High,region-rule-offline,region-rule-offline,Heavy
Himalayan Foothills,32.53865892433344,83.88276610075516,sandy,1.0,80.0,high,5.0,Low,region-rule-offline,region-rule-offline,Moderate
Coastal Odisha,19.456923376352155,83.85498919679672,clay,3.9364833822377205,210.35778300627692,low,0.2,High,region-rule-offline,region-rule-offline,Heavy
Western Ghats,11.484595944031154,75.92410485722048,loam,2.0,300.0,mid,2.0,Medium,region-rule-offline,region-rule-offline,Heavy
Western Ghats,14.80234591271037,75.40164645926738,loam,2.0,300.0,mid,2.0,Medium,region-rule-offline,region-rule-offline,Heavy
Himalayan Foothills,32.49374633241774,82.81493393706276,sandy,1.0,80.0,high,5.0,Low,region-rule-offline,region-rule-offline,Moderate
Coastal Odisha,18.705611685002793,83.4795464557885,clay,4.0,200.0,low,0.2,High,region-rule-offline,region-rule-offline,Heavy
Himalayan Foothills,32.726968159880386,83.87610213612021,sandy,1.0,73.54677630354234,high,5.0,Low,region-rule-offline,region-rule-offline,Moderate
Himalayan Foothills,32.217925348562304,80.62659520173382,sandy,1.0,80.0,high,5.0,Low,region-rule-offline,region-rule-offline,Moderate
Himalayan Foothills,33.704717666838114,90.99187592067157,sandy,1.0,94.30861374054092,high,5.0,Low,region-rule-offline,region-rule-offline,Moderate
Western Ghats,11.260794957332694,75.17044456201566,loam,2.0,300.0,mid,2.0,Medium,region-rule-offline,region-rule-offline,Heavy
Western Ghats,14.368198081014242,73.67876558479222,loam,2.0,300.0,mid,2.0,Medium,region-rule-offline,region-rule-offline,Heavy
Western Ghats,10.147164304393803,76.40685264007733,loam,2.0,300.0,mid,2.0,Medium,region-rule-offline,region-rule-offline,Heavy
Ganges Plains,24.002287584511773,82.59324845603739,silt,4.154096472485298,101.59050044900334,low,0.6019662081946333,High,region-rule-offline,region-rule-offline,Heavy
Himalayan Foothills,32.53865892433344,83.88276610075516,sandy,1.0,80.0,high,5.0,Low,region-rule-offline,region-rule-offline,Moderate
Himalayan Foothills,33.704717666838114,90.99187592067157,sandy,1.0,94.30861374054092,high,5.0,Low,region-rule-offline,region-rule-offline,Moderate
Ganges Plains,26.33834396089416,87.18258306881981,silt,3.0,120.0,low,0.5,High,region-rule-offline,region-rule-offline,Heavy
Coastal Odisha,19.568348146595877,86.7388250309457,clay,4.0,200.0,low,0.2,High,region-rule-offline,region-rule-offline,Heavy
Western Ghats,10.018172254259046,73.32762493104657,loam,2.0,300.0,mid,2.0,Medium,region-rule-offline,region-rule-offline,Heavy
Himalayan Foothills,31.489333511994204,80.99194928643097,sandy,1.0,80.0,high,5.0,Low,region-rule-offline,region-rule-offline,Moderate
Coastal Odisha,19.456923376352155,83.85498919679672,clay,3.9364833822377205,210.35778300627692,low,0.2,High,region-rule-offline,region-rule-offline,Heavy
Coastal Odisha,19.20312087764836,83.23454159988871,clay,3.1451223652822993,186.3889873259337,low,0.2,High,region-rule-offline,region-rule-offline,Heavy
Himalayan Foothills,28.444493021533837,83.95946843208797,sandy,1.0,75.17147122432617,high,5.0,Low,region-rule-offline,region-rule-offline,Moderate
Western Ghats,12.047686317416623,74.36492469944513,loam,2.0,300.0,mid,2.0,Medium,region-rule-offline,region-rule-offline,Heavy
Himalayan Foothills,29.640549380279644,87.8597549659572,sandy,1.0,80.0,high,5.0,Low,region-rule-offline,region-rule-offline,Moderate
Himalayan Foothills,33.84576958661643,82.51382036917356,sandy,1.0,80.0,high,5.0,Low,region-rule-offline,region-rule-offline,Moderate
Ganges Plains,24.37098337352059,80.77373101466772,silt,2.892372523036626,100.37380712025032,low,0.5,High,region-rule-offline,region-rule-offline,Heavy
Himalayan Foothills,33.704717666838114,90.99187592067157,sandy,1.0,94.30861374054092,high,5.0,Low,region-rule-offline,region-rule-offline,Moderate
Ganges Plains,24.804604253558782,82.49373033040716,silt,3.0,120.0,low,0.5,High,region-rule-offline,region-rule-offline,Heavy
Coastal Odisha,20.711785714679678,85.18236115682208,clay,3.97526202218913,219.5974991375003,low,0.22139101387142388,High,region-rule-offline,region-rule-offline,Heavy
Himalayan Foothills,28.547961319785912,90.2763109416639,sandy,1.0,80.7962823740881,high,5.0,Low,region-rule-offline,region-rule-offline,Moderate
Coastal Odisha,18.070993304104356,83.77251915331084,clay,4.0,200.0,low,0.2,High,region-rule-offline,region-rule-offline,Heavy
Ganges Plains,24.446208694383508,83.47812200535284,silt,3.0,120.0,low,0.5,High,region-rule-offline,region-rule-offline,Heavy
Coastal Odisha,20.906128094907476,85.31672116326503,clay,4.0,200.0,low,0.2,High,region-rule-offline,region-rule-offline,Heavy
Western Ghats,13.084680848811567,76.31482924400983,loam,2.9647195608347334,269.41912425231203,mid,1.9269773395495355,Medium,region-rule-offline,region-rule-offline,Heavy
Ganges Plains,24.28397234403613,85.04882365816079,silt,3.0,120.0,low,0.5,High,region-rule-offline,region-rule-offline,Heavy
Coastal Odisha,20.50378505965805,85.33003826595917,clay,4.0,200.0,low,0.2,High,region-rule-offline,region-rule-offline,Heavy
Western Ghats,15.999262628073673,74.39984137488074,loam,1.5603387366912163,309.1594816492637,mid,2.0,Medium,region-rule-offline,region-rule-offline,Heavy
Ganges Plains,27.828852288827125,82.69275636090102,silt,3.0,120.0,low,0.5,High,region-rule-offline,region-rule-offline,Heavy
Coastal Odisha,19.964116871109216,84.85995276098805,clay,4.0,200.0,low,0.2,High,region-rule-offline,region-rule-offline,Heavy
Himalayan Foothills,33.236318409991206,82.90722017290031,sandy,1.0,77.31224162335559,high,5.205997052076211,Low,region-rule-offline,region-rule-offline,Moderate
Ganges Plains,25.68768727874108,80.23837775550456,silt,3.3491809299009137,114.92698970267632,low,0.5,High,region-rule-offline,region-rule-offline,Heavy
Western Ghats,14.089837663152217,74.51650486225654,loam,2.0,300.0,mid,2.0,Medium,region-rule-offline,region-rule-offline,Heavy
Himalayan Foothills,33.84576958661643,82.51382036917356,sandy,1.0,80.0,high,5.0,Low,region-rule-offline,region-rule-offline,Moderate
Coastal Odisha,19.380909704036824,84.22076346935441,clay,3.79049268660777,199.02833893119532,low,0.2,High,region-rule-offline,region-rule-offline,Heavy
Coastal Odisha,19.456923376352155,83.85498919679672,clay,3.9364833822377205,210.35778300627692,low,0.2,High,region-rule-offline,region-rule-offline,Heavy
Himalayan Foothills,33.928715288690526,84.49554734317945,sandy,1.0,99.64331044571227,high,5.0,Low,region-rule-offline,region-rule-offline,Moderate
Himalayan Foothills,33.704717666838114,90.99187592067157,sandy,1.0,94.30861374054092,high,5.0,Low,region-rule-offline,region-rule-offline,Moderate
Western Ghats,9.958740352626801,74.90054537687521,loam,2.0,300.0,mid,2.0,Medium,region-rule-offline,region-rule-offline,Heavy
Western Ghats,10.68903634958706,75.7165675401134,loam,1.8040256235169405,274.9320571832274,mid,2.0,Medium,region-rule-offline,region-rule-offline,Heavy
Himalayan Foothills,31.04642605485794,87.590439990526,sandy,1.0,80.0,high,5.0,Low,region-rule-offline,region-rule-offline,Moderate
Western Ghats,14.368198081014242,73.67876558479222,loam,2.0,300.0,mid,2.0,Medium,region-rule-offline,region-rule-offline,Heavy
Ganges Plains,26.62175466117952,83.16505520848531,silt,3.0,120.0,low,0.5,High,region-rule-offline,region-rule-offline,Heavy
Himalayan Foothills,32.959786957900356,73.35678690026047,sandy,1.0,91.44046900726195,high,5.0,Low,region-rule-offline,region-rule-offline,Moderate
Coastal Odisha,18.612777598270608,85.86476720315765,clay,4.0,200.0,low,0.2,High,region-rule-offline,region-rule-offline,Heavy
Coastal Odisha,18.94174693517508,86.39206111802534,clay,4.0,200.0,low,0.2,High,region-rule-offline,region-rule-offline,Heavy
Western Ghats,11.717667732825854,75.44132681692209,loam,2.0,300.0,mid,2.0,Medium,region-rule-offline,region-rule-offline,Heavy
Western Ghats,8.081208915509418,76.79225031110812,loam,2.3172825026939505,358.009638970175,mid,2.0,Medium,region-rule-offline,region-rule-offline,Heavy
Ganges Plains,25.06730075981017,85.12769438863846,silt,3.0,120.0,low,0.5,High,region-rule-offline,region-rule-offline,Heavy
Himalayan Foothills,31.3135084543224,73.77097482434893,sandy,1.0,69.4647807993966,high,5.0,Low,region-rule-offline,region-rule-offline,Moderate
Western Ghats,13.651353133556418,73.25691540285551,loam,2.0,300.0,mid,2.0,Medium,region-rule-offline,region-rule-offline,Heavy
Ganges Plains,25.694314492079684,83.7361973442934,silt,3.0,120.0,low,0.5,High,region-rule-offline,region-rule-offline,Heavy
Western Ghats,10.68903634958706,75.7165675401134,loam,1.8040256235169405,274.9320571832274,mid,2.0,Medium,region-rule-offline,region-rule-offline,Heavy
Western Ghats,14.547387716293315,76.00455255016293,loam,2.0,300.0,mid,2.0,Medium,region-rule-offline,region-rule-offline,Heavy
Himalayan Foothills,32.726968159880386,83.87610213612021,sandy,1.0,73.54677630354234,high,5.0,Low,region-rule-offline,region-rule-offline,Moderate
Western Ghats,13.214037241951115,76.01693281623811,loam,2.0,300.0,mid,2.0,Medium,region-rule-offline,region-rule-offline,Heavy
Western Ghats,12.672635313633801,75.78209194599187,loam,2.732595654532189,280.55300707454023,mid,2.0,Medium,region-rule-offline,region-rule-offline,Heavy
Western Ghats,13.248464088894274,73.02217927255212,loam,2.099327986532082,313.7181751065533,mid,2.0,Medium,region-rule-offline,region-rule-offline,Heavy
Himalayan Foothills,32.74444497906052,76.28805560423565,sandy,1.0,80.0,high,5.0,Low,region-rule-offline,region-rule-offline,Moderate
Himalayan Foothills,28.995536735324347,77.84462443967041,sandy,1.0,72.63281045581316,high,5.0,Low,region-rule-offline,region-rule-offline,Moderate
Ganges Plains,27.114505914522233,84.24282937756142,silt,3.0,120.0,low,0.5,High,region-rule-offline,region-rule-offline,Heavy
Ganges Plains,24.37098337352059,80.77373101466772,silt,2.892372523036626,100.37380712025032,low,0.5,High,region-rule-offline,region-rule-offline,Heavy
Himalayan Foothills,31.65323000249179,76.54665178422536,sandy,1.0,80.0,high,5.0,Low,region-rule-offline,region-rule-offline,Moderate
Coastal Odisha,19.961928953132198,83.03129242860864,clay,4.0,200.0,low,0.2,High,region-rule-offline,region-rule-offline,Heavy
Ganges Plains,25.06730075981017,85.12769438863846,silt,3.0,120.0,low,0.5,High,region-rule-offline,region-rule-offline,Heavy
Western Ghats,11.352170261038575,75.9900626759122,loam,2.0,300.0,mid,2.0,Medium,region-rule-offline,region-rule-offline,Heavy
Coastal Odisha,20.451312405346386,84.19751500879991,clay,4.0,200.0,low,0.2,High,region-rule-offline,region-rule-offline,Heavy
Western Ghats,8.678364293800975,75.06180803966086,loam,1.2199543954410745,287.6549572111813,mid,2.0,Medium,region-rule-offline,region-rule-offline,Heavy
Himalayan Foothills,33.704717666838114,90.99187592067157,sandy,1.0,94.30861374054092,high,5.0,Low,region-rule-offline,region-rule-offline,Moderate
Himalayan Foothills,32.992859042613404,81.4691345894367,sandy,1.0,80.0,high,5.0,Low,region-rule-offline,region-rule-offline,Moderate
Himalayan Foothills,33.704717666838114,90.99187592067157,sandy,1.0,94.30861374054092,high,5.0,Low,region-rule-offline,region-rule-offline,Moderate
Western Ghats,14.547387716293315,76.00455255016293,loam,2.0,300.0,mid,2.0,Medium,region-rule-offline,region-rule-offline,Heavy
Western Ghats,12.369058477870713,75.41301035576497,loam,1.9197070283550792,316.521457506435,mid,2.197376941835495,Medium,region-rule-offline,region-rule-offline,Heavy
Himalayan Foothills,29.388857407336154,85.43216076770163,sandy,1.0,80.0,high,5.0,Low,region-rule-offline,region-rule-offline,Moderate
Western Ghats,9.696958801437912,76.19132942731238,loam,2.0,300.0,mid,2.0,Medium,region-rule-offline,region-rule-offline,Heavy
Western Ghats,9.593039461812612,73.0977015509073,loam,2.0,300.0,mid,2.0,Medium,region-rule-offline,region-rule-offline,Heavy
Himalayan Foothills,29.388857407336154,85.43216076770163,sandy,1.0,80.0,high,5.0,Low,region-rule-offline,region-rule-offline,Moderate
Himalayan Foothills,30.65632602411597,88.34316665069741,sandy,1.0,80.0,high,5.0,Low,region-rule-offline,region-rule-offline,Moderate
Coastal Odisha,18.996556403839286,86.7232635441933,clay,4.0,200.0,low,0.2,High,region-rule-offline,region-rule-offline,Heavy
Western Ghats,10.018172254259046,73.32762493104657,loam,2.0,300.0,mid,2.0,Medium,region-rule-offline,region-rule-offline,Heavy
Himalayan Foothills,29.729306772168734,89.958677251701,sandy,1.0,65.89269760331803,high,4.9595252225882005,Low,region-rule-offline,region-rule-offline,Moderate
Western Ghats,15.053049472022176,73.97545375676383,loam,1.8211438022191937,241.41770354492172,mid,1.8531493756053872,Medium,region-rule-offline,region-rule-offline,Heavy
Himalayan Foothills,32.15072293177121,77.81791457247168,sandy,1.0,80.0,high,5.0,Low,region-rule-offline,region-rule-offline,Moderate
Western Ghats,11.484595944031154,75.92410485722048,loam,2.0,300.0,mid,2.0,Medium,region-rule-offline,region-rule-offline,Heavy
Himalayan Foothills,33.95354283637132,89.3456676911992,sandy,1.0,80.0,high,5.0,Low,region-rule-offline,region-rule-offline,Moderate
Ganges Plains,25.687526559337616,82.22836115733553,silt,3.0,120.0,low,0.5,High,region-rule-offline,region-rule-offline,Heavy
Ganges Plains,27.371407680759237,86.20799929236996,silt,3.0,120.0,low,0.5,High,region-rule-offline,region-rule-offline,Heavy
Himalayan Foothills,30.55083379662527,82.346685195501,sandy,1.0,70.7414136683631,high,5.09898889653949,Low,region-rule-offline,region-rule-offline,Moderate
Himalayan Foothills,30.65632602411597,88.34316665069741,sandy,1.0,80.0,high,5.0,Low,region-rule-offline,region-rule-offline,Moderate
Coastal Odisha,19.257674746007616,85.3346891571649,clay,4.519172039339092,220.158392051565,low,0.2,High,region-rule-offline,region-rule-offline,Heavy
Western Ghats,12.763618547755357,76.80015843377262,loam,2.0,300.0,mid,2.0,Medium,region-rule-offline,region-rule-offline,Heavy
Western Ghats,8.864789997260853,73.10271370198987,loam,2.270072226602891,330.5842344045318,mid,2.0,Medium,region-rule-offline,region-rule-offline,Heavy
Western Ghats,13.382365364457335,73.89856266398915,loam,2.0,300.0,mid,2.0,Medium,region-rule-offline,region-rule-offline,Heavy
Western Ghats,14.007715812947783,76.0801847542961,loam,1.6463186818491142,215.29223886329612,mid,2.349913389821299,Medium,region-rule-offline,region-rule-offline,Heavy
Western Ghats,10.495657955157562,75.70938914740164,loam,2.0,300.0,mid,2.0,Medium,region-rule-offline,region-rule-offline,Heavy
Himalayan Foothills,32.14365603667914,84.27215509507809,sandy,1.0,80.0,high,5.0,Low,region-rule-offline,region-rule-offline,Moderate
Himalayan Foothills,30.90519152327625,85.76711502076797,sandy,1.0,80.0,high,5.0,Low,region-rule-offline,region-rule-offline,Moderate
Himalayan Foothills,32.992859042613404,81.4691345894367,sandy,1.0,80.0,high,5.0,Low,region-rule-offline,region-rule-offline,Moderate
Himalayan Foothills,29.125495248367162,78.87380782388183,sandy,1.0,80.0,high,5.0,Low,region-rule-offline,region-rule-offline,Moderate
Coastal Odisha,18.074359085694567,85.94625788702032,clay,4.0,200.0,low,0.2,High,region-rule-offline,region-rule-offline,Heavy
Western Ghats,8.864789997260853,73.10271370198987,loam,2.270072226602891,330.5842344045318,mid,2.0,Medium,region-rule-offline,region-rule-offline,Heavy
Ganges Plains,25.067911288196452,87.49323670169996,silt,3.450549321980616,105.62556259690838,low,0.5,High,region-rule-offline,region-rule-offline,Heavy
Western Ghats,11.352170261038575,75.9900626759122,loam,2.0,300.0,mid,2.0,Medium,region-rule-offline,region-rule-offline,Heavy
Ganges Plains,26.818287344859694,80.36659506924529,silt,3.0,120.0,low,0.5,High,region-rule-offline,region-rule-offline,Heavy
Himalayan Foothills,29.042881289958608,73.42623250912219,sandy,1.0,83.78255545150574,high,5.0,Low,region-rule-offline,region-rule-offline,Moderate
Ganges Plains,25.100117273476478,81.78568590519058,silt,3.599830847885788,133.31829038429802,low,0.5,High,region-rule-offline,region-rule-offline,Heavy
Coastal Odisha,20.87195292257902,86.98169075797085,clay,4.0,200.0,low,0.2,High,region-rule-offline,region-rule-offline,Heavy
Himalayan Foothills,30.7686873650727,74.2318568327016,sandy,1.0,80.0,high,5.0,Low,region-rule-offline,region-rule-offline,Moderate
Ganges Plains,25.694314492079684,83.7361973442934,silt,3.0,120.0,low,0.5,High,region-rule-offline,region-rule-offline,Heavy
Western Ghats,15.177664825866097,75.97462176863834,loam,2.0,300.0,mid,2.0,Medium,region-rule-offline,region-rule-offline,Heavy
Western Ghats,11.326193872825247,73.82733755805764,loam,2.0,300.0,mid,2.0,Medium,region-rule-offline,region-rule-offline,Heavy
Himalayan Foothills,30.944928010471518,87.06572449451403,sandy,1.0,80.0,high,5.0,Low,region-rule-offline,region-rule-offline,Moderate
Western Ghats,12.321217780147652,73.55349624606463,loam,2.1121438952564997,260.21409612070704,mid,2.2676782746768085,Medium,region-rule-offline,region-rule-offline,Heavy
Western Ghats,14.55440939448868,76.85888309213635,loam,2.0,300.0,mid,2.0,Medium,region-rule-offline,region-rule-offline,Heavy
Coastal Odisha,20.362123527406414,83.43238250561183,clay,3.7306014211337386,181.43088137186723,low,0.2,High,region-rule-offline,region-rule-offline,Heavy
Himalayan Foothills,29.10618202234049,72.97615762648797,sandy,1.0,103.73737413968095,high,5.0,Medium,region-rule-offline,region-rule-offline,Heavy
Coastal Odisha,19.092664415343794,83.27989524450524,clay,2.918999282752101,215.99573055967332,low,0.2,High,region-rule-offline,region-rule-offline,Heavy
Himalayan Foothills,28.241390038867696,86.36910777783858,sandy,1.0,80.0,high,5.0,Low,region-rule-offline,region-rule-offline,Moderate
Western Ghats,11.78548948727461,76.60472330331302,loam,2.0,300.0,mid,2.0,Medium,region-rule-offline,region-rule-offline,Heavy
Himalayan Foothills,33.704717666838114,90.99187592067157,sandy,1.0,94.30861374054092,high,5.0,Low,region-rule-offline,region-rule-offline,Moderate
Himalayan Foothills,31.04642605485794,87.590439990526,sandy,1.0,80.0,high,5.0,Low,region-rule-offline,region-rule-offline,Moderate
Ganges Plains,25.814894825316827,87.63052742016865,silt,3.286962525011723,97.9235328424486,low,0.5,High,region-rule-offline,region-rule-offline,Moderate
Himalayan Foothills,33.95354283637132,89.3456676911992,sandy,1.0,80.0,high,5.0,Low,region-rule-offline,region-rule-offline,Moderate
Western Ghats,14.645848151124827,73.3466515922227,loam,2.0429071750241294,339.10203128156877,mid,2.0,Medium,region-rule-offline,region-rule-offline,Heavy
Himalayan Foothills,29.939642717655968,90.43350980936296,sandy,1.0,80.0,high,5.0,Low,region-rule-offline,region-rule-offline,Moderate
Western Ghats,9.085595897844513,74.84679377620604,loam,2.106037670817554,237.17510242146,mid,2.0,Medium,region-rule-offline,region-rule-offline,Heavy
Himalayan Foothills,29.978821981473793,85.17979980568522,sandy,1.0,80.0,high,5.0,Low,region-rule-offline,region-rule-offline,Moderate
Western Ghats,13.201152745999,76.12493219844357,loam,2.0,300.0,mid,2.0,Medium,region-rule-offline,region-rule-offline,Heavy
Himalayan Foothills,33.236318409991206,82.90722017290031,sandy,1.0,77.31224162335559,high,5.205997052076211,Low,region-rule-offline,region-rule-offline,Moderate
Coastal Odisha,19.46559555644813,86.6213459643173,clay,4.0,200.0,low,0.2,High,region-rule-offline,region-rule-offline,Heavy
Coastal Odisha,20.711785714679678,85.18236115682208,clay,3.97526202218913,219.5974991375003,low,0.22139101387142388,High,region-rule-offline,region-rule-offline,Heavy
Western Ghats,12.305383251586047,74.93399001553279,loam,1.6163086531461686,332.03406332035377,mid,2.0,Medium,region-rule-offline,region-rule-offline,Heavy
Himalayan Foothills,32.74444497906052,76.28805560423565,sandy,1.0,80.0,high,5.0,Low,region-rule-offline,region-rule-offline,Moderate
Himalayan Foothills,31.489333511994204,80.99194928643097,sandy,1.0,80.0,high,5.0,Low,region-rule-offline,region-rule-offline,Moderate
Ganges Plains,24.95201853747598,85.35182222637025,silt,3.471971912111012,106.6146634622207,low,0.5,High,region-rule-offline,region-rule-offline,Heavy
Ganges Plains,27.984485520960387,84.2329147607931,silt,3.0,120.0,low,0.5,High,region-rule-offline,region-rule-offline,Heavy
Coastal Odisha,18.074359085694567,85.94625788702032,clay,4.0,200.0,low,0.2,High,region-rule-offline,region-rule-offline,Heavy
Coastal Odisha,18.795601244251205,86.73303751197484,clay,4.0,200.0,low,0.2,High,region-rule-offline,region-rule-offline,Heavy
Ganges Plains,27.990150425980442,84.07621034941171,silt,2.5641639539866743,103.44783990033248,low,0.5,High,region-rule-offline,region-rule-offline,Heavy
Himalayan Foothills,33.275957530878856,88.41651175414317,sandy,1.0,85.48640372127123,high,4.907435070810132,Low,region-rule-offline,region-rule-offline,Moderate
Coastal Odisha,19.92444521582288,84.59871353744025,clay,4.0,200.0,low,0.2,High,region-rule-offline,region-rule-offline,Heavy
Ganges Plains,25.06730075981017,85.12769438863846,silt,3.0,120.0,low,0.5,High,region-rule-offline,region-rule-offline,Heavy
Western Ghats,13.651353133556418,73.25691540285551,loam,2.0,300.0,mid,2.0,Medium,region-rule-offline,region-rule-offline,Heavy
Western Ghats,8.155066296400086,75.15767619169013,loam,2.1382307421807534,354.37283822354345,mid,2.0,Medium,region-rule-offline,region-rule-offline,Heavy
Coastal Odisha,18.2257315802213,86.53242557320057,clay,4.661741085009128,167.89876120709945,low,0.1947508766895355,High,region-rule-offline,region-rule-offline,Heavy
Western Ghats,8.2168163707225,75.57099859203734,loam,2.0,300.0,mid,2.0,Medium,region-rule-offline,region-rule-offline,Heavy
Western Ghats,13.248464088894274,73.02217927255212,loam,2.099327986532082,313.7181751065533,mid,2.0,Medium,region-rule-offline,region-rule-offline,Heavy
Western Ghats,14.126509474377324,75.08519925131193,loam,1.356724598077812,349.77695204061195,mid,2.0,Medium,region-rule-offline,region-rule-offline,Heavy
Himalayan Foothills,33.49643672756061,75.44829379723939,sandy,1.0,80.0,high,5.0,Low,region-rule-offline,region-rule-offline,Moderate
Coastal Odisha,19.964116871109216,84.85995276098805,clay,4.0,200.0,low,0.2,High,region-rule-offline,region-rule-offline,Heavy
Western Ghats,11.427024105877955,74.48228350487223,loam,2.2836341721496995,357.9824900960954,mid,2.0,Medium,region-rule-offline,region-rule-offline,Heavy
Himalayan Foothills,31.135435210781306,80.55977483288633,sandy,1.0,63.901416772616166,high,4.50402015130083,Low,region-rule-offline,region-rule-offline,Moderate
Western Ghats,11.73912119385848,73.51051118912464,loam,1.976252882990333,316.6337168695528,mid,2.0,Medium,region-rule-offline,region-rule-offline,Heavy
Ganges Plains,24.404005717638917,82.22378882488074,silt,3.0,120.0,low,0.5,High,region-rule-offline,region-rule-offline,Heavy
Coastal Odisha,18.94174693517508,86.39206111802534,clay,4.0,200.0,low,0.2,High,region-rule-offline,region-rule-offline,Heavy
Western Ghats,12.321217780147652,73.55349624606463,loam,2.1121438952564997,260.21409612070704,mid,2.2676782746768085,Medium,region-rule-offline,region-rule-offline,Heavy
Western Ghats,8.864789997260853,73.10271370198987,loam,2.270072226602891,330.5842344045318,mid,2.0,Medium,region-rule-offline,region-rule-offline,Heavy
Western Ghats,9.958740352626801,74.90054537687521,loam,2.0,300.0,mid,2.0,Medium,region-rule-offline,region-rule-offline,Heavy
Ganges Plains,25.060226515760235,86.97946432868206,silt,3.0,120.0,low,0.5,High,region-rule-offline,region-rule-offline,Heavy
Ganges Plains,24.04592408777128,85.76577455488156,silt,3.0,120.0,low,0.5,High,region-rule-offline,region-rule-offline,Heavy
Western Ghats,8.815210443567812,76.0899235398049,loam,2.0,300.0,mid,2.0,Medium,region-rule-offline,region-rule-offline,Heavy
Himalayan Foothills,33.704717666838114,90.99187592067157,sandy,1.0,94.30861374054092,high,5.0,Low,region-rule-offline,region-rule-offline,Moderate
Himalayan Foothills,33.94018756280079,77.80222464206784,sandy,1.0,80.0,high,5.0,Low,region-rule-offline,region-rule-offline,Moderate
Coastal Odisha,20.64259252105932,86.51708096993818,clay,4.0,200.0,low,0.2,High,region-rule-offline,region-rule-offline,Heavy
Ganges Plains,25.692551760803546,81.69438564353666,silt,3.0,120.0,low,0.5,High,region-rule-offline,region-rule-offline,Heavy
Himalayan Foothills,28.444493021533837,83.95946843208797,sandy,1.0,75.17147122432617,high,5.0,Low,region-rule-offline,region-rule-offline,Moderate
Himalayan Foothills,30.90519152327625,85.76711502076797,sandy,1.0,80.0,high,5.0,Low,region-rule-offline,region-rule-offline,Moderate
Ganges Plains,27.38997746538984,84.82980825093513,silt,2.7129043959982173,114.12938539895768,low,0.5,High,region-rule-offline,region-rule-offline,Heavy
Himalayan Foothills,31.967098257120206,89.73970071046475,sandy,1.0,80.0,high,5.0,Low,region-rule-offline,region-rule-offline,Moderate
Himalayan Foothills,32.726968159880386,83.87610213612021,sandy,1.0,73.54677630354234,high,5.0,Low,region-rule-offline,region-rule-offline,Moderate
Western Ghats,11.152162050717639,75.2575679320991,loam,2.0,300.0,mid,2.0,Medium,region-rule-offline,region-rule-offline,Heavy
Himalayan Foothills,28.547961319785912,90.2763109416639,sandy,1.0,80.7962823740881,high,5.0,Low,region-rule-offline,region-rule-offline,Moderate
Western Ghats,12.305383251586047,74.93399001553279,loam,1.6163086531461686,332.03406332035377,mid,2.0,Medium,region-rule-offline,region-rule-offline,Heavy
Western Ghats,13.524915327463843,75.50896958240418,loam,2.0,300.0,mid,2.0,Medium,region-rule-offline,region-rule-offline,Heavy
Ganges Plains,26.818287344859694,80.36659506924529,silt,3.0,120.0,low,0.5,High,region-rule-offline,region-rule-offline,Heavy
Himalayan Foothills,30.425050342004475,81.777328794253,sandy,1.0,91.78809242718242,high,5.0,Low,region-rule-offline,region-rule-offline,Moderate
Western Ghats,14.55440939448868,76.85888309213635,loam,2.0,300.0,mid,2.0,Medium,region-rule-offline,region-rule-offline,Heavy
Ganges Plains,25.514137508833414,84.41632505018582,silt,3.0,120.0,low,0.5,High,region-rule-offline,region-rule-offline,Heavy
Western Ghats,11.234533353101096,73.66017892481403,loam,2.0,300.0,mid,2.0,Medium,region-rule-offline,region-rule-offline,Heavy
Coastal Odisha,18.94174693517508,86.39206111802534,clay,4.0,200.0,low,0.2,High,region-rule-offline,region-rule-offline,Heavy
Ganges Plains,24.843931374345306,87.54327771468044,silt,2.9992845893369227,125.93393027434477,low,0.6159193845785943,High,region-rule-offline,region-rule-offline,Heavy
Western Ghats,13.201152745999,76.12493219844357,loam,2.0,300.0,mid,2.0,Medium,region-rule-offline,region-rule-offline,Heavy
Himalayan Foothills,28.016054335617316,80.55957038773634,sandy,1.0,81.86701540729423,high,4.592869249746273,Low,region-rule-offline,region-rule-offline,Moderate
Ganges Plains,24.653609975047715,83.03564353406118,silt,3.284696117365832,137.33721583915792,low,0.5,High,region-rule-offline,region-rule-offline,Heavy
Himalayan Foothills,29.50842205720565,74.29246181029382,sandy,1.0,85.0282305155384,high,5.0,Low,region-rule-offline,region-rule-offline,Moderate
Western Ghats,10.814070421374598,76.01390050023754,loam,2.0,300.0,mid,2.0,Medium,region-rule-offline,region-rule-offline,Heavy
Coastal Odisha,20.406705416811416,86.45625611350111,clay,4.334181483936618,204.07834842028248,low,0.2,High,region-rule-offline,region-rule-offline,Heavy
Himalayan Foothills,30.90519152327625,85.76711502076797,sandy,1.0,80.0,high,5.0,Low,region-rule-offline,region-rule-offline,Moderate
Himalayan Foothills,32.15072293177121,77.81791457247168,sandy,1.0,80.0,high,5.0,Low,region-rule-offline,region-rule-offline,Moderate
Himalayan Foothills,31.185531586874607,80.08457244139908,sandy,1.0,80.0,high,5.0,Low,region-rule-offline,region-rule-offline,Moderate
Ganges Plains,25.261812192236327,82.14192700780562,silt,3.0,120.0,low,0.5,High,region-rule-offline,region-rule-offline,Heavy
Western Ghats,9.593039461812612,73.0977015509073,loam,2.0,300.0,mid,2.0,Medium,region-rule-offline,region-rule-offline,Heavy
Coastal Odisha,18.00507383465589,86.70230066199633,clay,4.0,200.0,low,0.2,High,region-rule-offline,region-rule-offline,Heavy
Western Ghats,15.131407406483497,75.45060929104704,loam,2.384559132785499,291.2469435895379,mid,2.0,Medium,region-rule-offline,region-rule-offline,Heavy
Ganges Plains,27.742056962322685,84.56834474660228,silt,2.3081988200733394,111.12405233212593,low,0.5,High,region-rule-offline,region-rule-offline,Heavy
Ganges Plains,27.114505914522233,84.24282937756142,silt,3.0,120.0,low,0.5,High,region-rule-offline,region-rule-offline,Heavy
Coastal Odisha,19.108581266216653,83.63098732942893,clay,4.0,200.0,low,0.2,High,region-rule-offline,region-rule-offline,Heavy
Himalayan Foothills,29.042881289958608,73.42623250912219,sandy,1.0,83.78255545150574,high,5.0,Low,region-rule-offline,region-rule-offline,Moderate
Western Ghats,14.80234591271037,75.40164645926738,loam,2.0,300.0,mid,2.0,Medium,region-rule-offline,region-rule-offline,Heavy
Himalayan Foothills,33.53120889958937,81.65657694026498,sandy,1.0,67.90571443103617,high,5.0,Low,region-rule-offline,region-rule-offline,Moderate
Western Ghats,15.131407406483497,75.45060929104704,loam,2.384559132785499,291.2469435895379,mid,2.0,Medium,region-rule-offline,region-rule-offline,Heavy
Ganges Plains,24.387723256915294,83.44840945925102,silt,3.0,120.0,low,0.5,High,region-rule-offline,region-rule-offline,Heavy
Western Ghats,13.720117640395747,73.30398591137224,loam,1.9230203381215822,351.97700571116195,mid,2.0,Medium,region-rule-offline,region-rule-offline,Heavy
Coastal Odisha,19.83503329717785,86.94893225452601,clay,4.0,200.0,low,0.2,High,region-rule-offline,region-rule-offline,Heavy
Himalayan Foothills,33.84576958661643,82.51382036917356,sandy,1.0,80.0,high,5.0,Low,region-rule-offline,region-rule-offline,Moderate
Himalayan Foothills,30.962771316070505,73.52839518608671,sandy,1.0,80.0,high,5.0,Low,region-rule-offline,region-rule-offline,Moderate
Ganges Plains,26.592141540986376,84.8730480453359,silt,3.0,120.0,low,0.5,High,region-rule-offline,region-rule-offline,Heavy
Western Ghats,11.797395494584427,74.03676619386007,loam,2.572693767401221,299.9986999058315,mid,2.0,Medium,region-rule-offline,region-rule-offline,Heavy
Himalayan Foothills,29.939642717655968,90.43350980936296,sandy,1.0,80.0,high,5.0,Low,region-rule-offline,region-rule-offline,Moderate
Himalayan Foothills,31.135435210781306,80.55977483288633,sandy,1.0,63.901416772616166,high,4.50402015130083,Low,region-rule-offline,region-rule-offline,Moderate
Western Ghats,13.870362432107136,76.86189492495231,loam,1.4274784161017693,321.41911266334535,mid,2.0,Medium,region-rule-offline,region-rule-offline,Heavy
Western Ghats,13.201152745999,76.12493219844357,loam,2.0,300.0,mid,2.0,Medium,region-rule-offline,region-rule-offline,Heavy
Western Ghats,11.797395494584427,74.03676619386007,loam,2.572693767401221,299.9986999058315,mid,2.0,Medium,region-rule-offline,region-rule-offline,Heavy
Western Ghats,13.651353133556418,73.25691540285551,loam,2.0,300.0,mid,2.0,Medium,region-rule-offline,region-rule-offline,Heavy
Himalayan Foothills,33.01575168343709,82.92878307517867,sandy,1.0,80.0,high,5.0,Low,region-rule-offline,region-rule-offline,Moderate
Coastal Odisha,19.456923376352155,83.85498919679672,clay,3.9364833822377205,210.35778300627692,low,0.2,High,region-rule-offline,region-rule-offline,Heavy
Western Ghats,9.977917900077276,75.55064574710462,loam,2.0,300.0,mid,2.0,Medium,region-rule-offline,region-rule-offline,Heavy
Coastal Odisha,18.94174693517508,86.39206111802534,clay,4.0,200.0,low,0.2,High,region-rule-offline,region-rule-offline,Heavy
Coastal Odisha,19.902713876655238,84.05593560652164,clay,4.0,200.0,low,0.2,High,region-rule-offline,region-rule-offline,Heavy
Western Ghats,12.305383251586047,74.93399001553279,loam,1.6163086531461686,332.03406332035377,mid,2.0,Medium,region-rule-offline,region-rule-offline,Heavy
Western Ghats,8.155066296400086,75.15767619169013,loam,2.1382307421807534,354.37283822354345,mid,2.0,Medium,region-rule-offline,region-rule-offline,Heavy
Himalayan Foothills,31.25556156614317,79.8517038451871,sandy,1.0,78.84042619065373,high,5.0,Low,region-rule-offline,region-rule-offline,Moderate
Ganges Plains,24.95201853747598,85.35182222637025,silt,3.471971912111012,106.6146634622207,low,0.5,High,region-rule-offline,region-rule-offline,Heavy
Ganges Plains,24.28397234403613,85.04882365816079,silt,3.0,120.0,low,0.5,High,region-rule-offline,region-rule-offline,Heavy
Western Ghats,14.807622690499674,73.72735942863076,loam,2.444043494275414,157.68318582715378,mid,2.0,Medium,region-rule-offline,region-rule-offline,Heavy
Western Ghats,8.968440520538522,76.93537740605869,loam,2.0,300.0,mid,2.0,Medium,region-rule-offline,region-rule-offline,Heavy
Western Ghats,8.155066296400086,75.15767619169013,loam,2.1382307421807534,354.37283822354345,mid,2.0,Medium,region-rule-offline,region-rule-offline,Heavy
Himalayan Foothills,29.729306772168734,89.958677251701,sandy,1.0,65.89269760331803,high,4.9595252225882005,Low,region-rule-offline,region-rule-offline,Moderate
Western Ghats,14.261082770888157,74.3888150612338,loam,1.5537084371125285,233.08860516156503,mid,2.0,Medium,region-rule-offline,region-rule-offline,Heavy
Ganges Plains,26.726841476106298,84.29576264327036,silt,3.0,120.0,low,0.5,High,region-rule-offline,region-rule-offline,Heavy
Western Ghats,11.486687808373093,73.11609927978687,loam,1.703668778319029,265.9574726276315,mid,1.9827694812958192,Medium,region-rule-offline,region-rule-offline,Heavy
Himalayan Foothills,30.65632602411597,88.34316665069741,sandy,1.0,80.0,high,5.0,Low,region-rule-offline,region-rule-offline,Moderate
Himalayan Foothills,33.210767183577666,81.3266951959518,sandy,1.0,92.48968273356257,high,5.0,Low,region-rule-offline,region-rule-offline,Moderate
Coastal Odisha,19.92444521582288,84.59871353744025,clay,4.0,200.0,low,0.2,High,region-rule-offline,region-rule-offline,Heavy
Himalayan Foothills,28.016054335617316,80.55957038773634,sandy,1.0,81.86701540729423,high,4.592869249746273,Low,region-rule-offline,region-rule-offline,Moderate
Western Ghats,12.369058477870713,75.41301035576497,loam,1.9197070283550792,316.521457506435,mid,2.197376941835495,Medium,region-rule-offline,region-rule-offline,Heavy
Ganges Plains,25.19377916579453,85.11159595892804,silt,3.0,120.0,low,0.5,High,region-rule-offline,region-rule-offline,Heavy
Western Ghats,14.007715812947783,76.0801847542961,loam,1.6463186818491142,215.29223886329612,mid,2.349913389821299,Medium,region-rule-offline,region-rule-offline,Heavy
Coastal Odisha,18.716057857847538,84.58314338716502,clay,4.0,200.0,low,0.2,High,region-rule-offline,region-rule-offline,Heavy
Himalayan Foothills,30.944928010471518,87.06572449451403,sandy,1.0,80.0,high,5.0,Low,region-rule-offline,region-rule-offline,Moderate
Himalayan Foothills,33.95354283637132,89.3456676911992,sandy,1.0,80.0,high,5.0,Low,region-rule-offline,region-rule-offline,Moderate
Coastal Odisha,20.887602947284666,84.06186545009187,clay,4.0,200.0,low,0.2,High,region-rule-offline,region-rule-offline,Heavy
Himalayan Foothills,28.241390038867696,86.36910777783858,sandy,1.0,80.0,high,5.0,Low,region-rule-offline,region-rule-offline,Moderate
Western Ghats,11.53727839443846,73.85480560395641,loam,1.8082872745094656,337.92430536942703,mid,2.0,Medium,region-rule-offline,region-rule-offline,Heavy
Western Ghats,9.977917900077276,75.55064574710462,loam,2.0,300.0,mid,2.0,Medium,region-rule-offline,region-rule-offline,Heavy
Himalayan Foothills,32.03368950581944,77.12070949337402,sandy,1.0,66.97288618133749,high,5.0,Low,region-rule-offline,region-rule-offline,Moderate
Coastal Odisha,20.43231515982119,86.5256648186533,clay,4.0,200.0,low,0.2,High,region-rule-offline,region-rule-offline,Heavy
Himalayan Foothills,28.3216544457552,74.83475410499945,sandy,1.0,94.00967369606792,high,5.0,Low,region-rule-offline,region-rule-offline,Moderate
Coastal Odisha,19.092664415343794,83.27989524450524,clay,2.918999282752101,215.99573055967332,low,0.2,High,region-rule-offline,region-rule-offline,Heavy
Ganges Plains,27.38997746538984,84.82980825093513,silt,2.7129043959982173,114.12938539895768,low,0.5,High,region-rule-offline,region-rule-offline,Heavy
Western Ghats,11.486687808373093,73.11609927978687,loam,1.703668778319029,265.9574726276315,mid,1.9827694812958192,Medium,region-rule-offline,region-rule-offline,Heavy
Himalayan Foothills,28.23916470510168,80.20854461905468,sandy,1.0,82.4248986419434,high,5.0,Low,region-rule-offline,region-rule-offline,Moderate
Coastal Odisha,18.716057857847538,84.58314338716502,clay,4.0,200.0,low,0.2,High,region-rule-offline,region-rule-offline,Heavy
Western Ghats,11.043048231421693,73.02358433433598,loam,2.0,300.0,mid,2.0,Medium,region-rule-offline,region-rule-offline,Heavy
Western Ghats,13.214037241951115,76.01693281623811,loam,2.0,300.0,mid,2.0,Medium,region-rule-offline,region-rule-offline,Heavy
Western Ghats,13.870362432107136,76.86189492495231,loam,1.4274784161017693,321.41911266334535,mid,2.0,Medium,region-rule-offline,region-rule-offline,Heavy
Himalayan Foothills,32.03368950581944,77.12070949337402,sandy,1.0,66.97288618133749,high,5.0,Low,region-rule-offline,region-rule-offline,Moderate
Ganges Plains,25.36100206607197,81.24383599849425,silt,3.0,120.0,low,0.5,High,region-rule-offline,region-rule-offline,Heavy
Ganges Plains,25.067911288196452,87.49323670169996,silt,3.450549321980616,105.62556259690838,low,0.5,High,region-rule-offline,region-rule-offline,Heavy
Western Ghats,14.007715812947783,76.0801847542961,loam,1.6463186818491142,215.29223886329612,mid,2.349913389821299,Medium,region-rule-offline,region-rule-offline,Heavy
Western Ghats,13.063526846126365,74.3407530216392,loam,2.189614716469801,240.32843748507062,mid,2.0,Medium,region-rule-offline,region-rule-offline,Heavy
Western Ghats,12.978055687792518,73.10786580762056,loam,2.0,300.0,mid,2.0,Medium,region-rule-offline,region-rule-offline,Heavy
Himalayan Foothills,33.95354283637132,89.3456676911992,sandy,1.0,80.0,high,5.0,Low,region-rule-offline,region-rule-offline,Moderate
Himalayan Foothills,30.931467081092723,86.40512841616686,sandy,1.0,80.0,high,5.0,Low,region-rule-offline,region-rule-offline,Moderate
Himalayan Foothills,29.16470546854644,76.32218010616855,sandy,1.0,96.94944262028056,high,5.0,Low,region-rule-offline,region-rule-offline,Moderate
Himalayan Foothills,30.7686873650727,74.2318568327016,sandy,1.0,80.0,high,5.0,Low,region-rule-offline,region-rule-offline,Moderate
Himalayan Foothills,31.967098257120206,89.73970071046475,sandy,1.0,80.0,high,5.0,Low,region-rule-offline,region-rule-offline,Moderate
Western Ghats,13.01398749585425,74.09838978767016,loam,2.0,300.0,mid,2.0,Medium,region-rule-offline,region-rule-offline,Heavy
Ganges Plains,24.254110824607828,83.05295429205229,silt,3.0,120.0,low,0.5,High,region-rule-offline,region-rule-offline,Heavy
Himalayan Foothills,29.388857407336154,85.43216076770163,sandy,1.0,80.0,high,5.0,Low,region-rule-offline,region-rule-offline,Moderate
Western Ghats,13.340621860690824,76.95156981226579,loam,1.670398910154851,321.96479668182457,mid,2.0,Medium,region-rule-offline,region-rule-offline,Heavy
Western Ghats,8.163040138562659,73.60952938313916,loam,2.111193083931612,304.1106117699795,mid,2.0,Medium,region-rule-offline,region-rule-offline,Heavy
Ganges Plains,26.43588084575269,81.22271414839707,silt,3.0,120.0,low,0.5,High,region-rule-offline,region-rule-offline,Heavy
Western Ghats,11.361148142187405,76.61935391336071,loam,2.0,300.0,mid,2.0,Medium,region-rule-offline,region-rule-offline,Heavy
Ganges Plains,26.201301249799393,80.40470663619905,silt,3.126090735414508,98.03250314120464,low,0.42911370720803543,High,region-rule-offline,region-rule-offline,Moderate
Himalayan Foothills,32.14365603667914,84.27215509507809,sandy,1.0,80.0,high,5.0,Low,region-rule-offline,region-rule-offline,Moderate
Western Ghats,13.201152745999,76.12493219844357,loam,2.0,300.0,mid,2.0,Medium,region-rule-offline,region-rule-offline,Heavy
Himalayan Foothills,32.88139620842784,82.45183557046387,sandy,1.0,73.22300973071977,high,5.0,Low,region-rule-offline,region-rule-offline,Moderate
Himalayan Foothills,28.55832010332803,76.21033160897807,sandy,1.0,80.0,high,5.0,Low,region-rule-offline,region-rule-offline,Moderate
Western Ghats,11.53727839443846,73.85480560395641,loam,1.8082872745094656,337.92430536942703,mid,2.0,Medium,region-rule-offline,region-rule-offline,Heavy
Himalayan Foothills,33.94018756280079,77.80222464206784,sandy,1.0,80.0,high,5.0,Low,region-rule-offline,region-rule-offline,Moderate
Himalayan Foothills,30.90519152327625,85.76711502076797,sandy,1.0,80.0,high,5.0,Low,region-rule-offline,region-rule-offline,Moderate
Western Ghats,11.352170261038575,75.9900626759122,loam,2.0,300.0,mid,2.0,Medium,region-rule-offline,region-rule-offline,Heavy
Himalayan Foothills,28.444493021533837,83.95946843208797,sandy,1.0,75.17147122432617,high,5.0,Low,region-rule-offline,region-rule-offline,Moderate
Western Ghats,13.201152745999,76.12493219844357,loam,2.0,300.0,mid,2.0,Medium,region-rule-offline,region-rule-offline,Heavy
Himalayan Foothills,28.547961319785912,90.2763109416639,sandy,1.0,80.7962823740881,high,5.0,Low,region-rule-offline,region-rule-offline,Moderate
Himalayan Foothills,30.728955451610375,77.97582598623319,sandy,1.0,80.0,high,5.0,Low,region-rule-offline,region-rule-offline,Moderate
Himalayan Foothills,30.931467081092723,86.40512841616686,sandy,1.0,80.0,high,5.0,Low,region-rule-offline,region-rule-offline,Moderate
Coastal Odisha,20.451312405346386,84.19751500879991,clay,4.0,200.0,low,0.2,High,region-rule-offline,region-rule-offline,Heavy
Ganges Plains,27.936660845463866,80.78734296921567,silt,3.0,120.0,low,0.5,High,region-rule-offline,region-rule-offline,Heavy
Himalayan Foothills,28.547961319785912,90.2763109416639,sandy,1.0,80.7962823740881,high,5.0,Low,region-rule-offline,region-rule-offline,Moderate
Himalayan Foothills,32.5599432163661,75.8676065286552,sandy,1.0,84.61796816779798,high,5.0,Low,region-rule-offline,region-rule-offline,Moderate
Himalayan Foothills,29.16470546854644,76.32218010616855,sandy,1.0,96.94944262028056,high,5.0,Low,region-rule-offline,region-rule-offline,Moderate
Western Ghats,10.173720856657477,74.27883827367505,loam,2.0,300.0,mid,2.0,Medium,region-rule-offline,region-rule-offline,Heavy
Western Ghats,9.593039461812612,73.0977015509073,loam,2.0,300.0,mid,2.0,Medium,region-rule-offline,region-rule-offline,Heavy
Ganges Plains,25.687526559337616,82.22836115733553,silt,3.0,120.0,low,0.5,High,region-rule-offline,region-rule-offline,Heavy
Himalayan Foothills,28.72855650017572,90.48978950061219,sandy,1.0,80.0,high,5.0,Low,region-rule-offline,region-rule-offline,Moderate
Western Ghats,14.645848151124827,73.3466515922227,loam,2.0429071750241294,339.10203128156877,mid,2.0,Medium,region-rule-offline,region-rule-offline,Heavy
Western Ghats,14.007715812947783,76.0801847542961,loam,1.6463186818491142,215.29223886329612,mid,2.349913389821299,Medium,region-rule-offline,region-rule-offline,Heavy
Himalayan Foothills,32.47561262028166,78.28503464672268,sandy,1.0,83.59893930031626,high,5.681824374569349,Low,region-rule-offline,region-rule-offline,Moderate
Ganges Plains,25.230056501610648,80.4634013319535,silt,3.0,120.0,low,0.5,High,region-rule-offline,region-rule-offline,Heavy
Western Ghats,11.315528087981754,75.51906152295085,loam,1.7546756748640495,220.37975488699914,mid,2.173823350891284,Medium,region-rule-offline,region-rule-offline,Heavy
Coastal Odisha,20.64259252105932,86.51708096993818,clay,4.0,200.0,low,0.2,High,region-rule-offline,region-rule-offline,Heavy
Himalayan Foothills,33.95354283637132,89.3456676911992,sandy,1.0,80.0,high,5.0,Low,region-rule-offline,region-rule-offline,Moderate
Coastal Odisha,20.50378505965805,85.33003826595917,clay,4.0,200.0,low,0.2,High,region-rule-offline,region-rule-offline,Heavy
Himalayan Foothills,32.58666067195716,83.5200353736163,sandy,1.0,80.0,high,5.0,Low,region-rule-offline,region-rule-offline,Moderate
Western Ghats,8.2168163707225,75.57099859203734,loam,2.0,300.0,mid,2.0,Medium,region-rule-offline,region-rule-offline,Heavy
Western Ghats,10.814070421374598,76.01390050023754,loam,2.0,300.0,mid,2.0,Medium,region-rule-offline,region-rule-offline,Heavy
Ganges Plains,27.371407680759237,86.20799929236996,silt,3.0,120.0,low,0.5,High,region-rule-offline,region-rule-offline,Heavy
Coastal Odisha,19.961928953132198,83.03129242860864,clay,4.0,200.0,low,0.2,High,region-rule-offline,region-rule-offline,Heavy
Himalayan Foothills,29.729306772168734,89.958677251701,sandy,1.0,65.89269760331803,high,4.9595252225882005,Low,region-rule-offline,region-rule-offline,Moderate
Western Ghats,13.658469149648615,74.74194858003071,loam,2.0,300.0,mid,2.0,Medium,region-rule-offline,region-rule-offline,Heavy
Western Ghats,9.977917900077276,75.55064574710462,loam,2.0,300.0,mid,2.0,Medium,region-rule-offline,region-rule-offline,Heavy
Western Ghats,12.321217780147652,73.55349624606463,loam,2.1121438952564997,260.21409612070704,mid,2.2676782746768085,Medium,region-rule-offline,region-rule-offline,Heavy
Himalayan Foothills,31.215183792302497,86.48160258019796,sandy,1.0,80.0,high,5.0,Low,region-rule-offline,region-rule-offline,Moderate
Himalayan Foothills,32.49374633241774,82.81493393706276,sandy,1.0,80.0,high,5.0,Low,region-rule-offline,region-rule-offline,Moderate
Western Ghats,14.368198081014242,73.67876558479222,loam,2.0,300.0,mid,2.0,Medium,region-rule-offline,region-rule-offline,Heavy
Ganges Plains,27.114505914522233,84.24282937756142,silt,3.0,120.0,low,0.5,High,region-rule-offline,region-rule-offline,Heavy
Himalayan Foothills,28.513677771748128,85.68141861797969,sandy,1.0,77.47314597693519,high,5.0,Low,region-rule-offline,region-rule-offline,Moderate
Western Ghats,13.201152745999,76.12493219844357,loam,2.0,300.0,mid,2.0,Medium,region-rule-offline,region-rule-offline,Heavy
Himalayan Foothills,28.016054335617316,80.55957038773634,sandy,1.0,81.86701540729423,high,4.592869249746273,Low,region-rule-offline,region-rule-offline,Moderate
Ganges Plains,24.077906969543328,87.43278893011694,silt,3.0,120.0,low,0.5,High,region-rule-offline,region-rule-offline,Heavy
Coastal Odisha,18.2197821632989,83.85261724906816,clay,4.0,200.0,low,0.2,High,region-rule-offline,region-rule-offline,Heavy
Himalayan Foothills,31.56286717071738,77.53392649158953,sandy,1.0,80.0,high,5.0,Low,region-rule-offline,region-rule-offline,Moderate
Himalayan Foothills,32.959786957900356,73.35678690026047,sandy,1.0,91.44046900726195,high,5.0,Low,region-rule-offline,region-rule-offline,Moderate
Coastal Odisha,19.207201161173174,84.18262081010378,clay,4.0,200.0,low,0.2,High,region-rule-offline,region-rule-offline,Heavy
Himalayan Foothills,31.29531783451199,89.6257824560445,sandy,1.0,80.0,high,5.0,Low,region-rule-offline,region-rule-offline,Moderate
Coastal Odisha,20.64259252105932,86.51708096993818,clay,4.0,200.0,low,0.2,High,region-rule-offline,region-rule-offline,Heavy
Coastal Odisha,19.83503329717785,86.94893225452601,clay,4.0,200.0,low,0.2,High,region-rule-offline,region-rule-offline,Heavy
Ganges Plains,26.599537751118092,84.35953184482574,silt,3.0,120.0,low,0.5,High,region-rule-offline,region-rule-offline,Heavy
Western Ghats,9.850091837825495,75.77579924919621,loam,2.387528858149975,317.4508682142933,mid,1.9919986592243637,Medium,region-rule-offline,region-rule-offline,Heavy
Ganges Plains,24.760835633763246,83.58890838266505,silt,3.312037319355429,119.20634510091175,low,0.5332253075856477,High,region-rule-offline,region-rule-offline,Heavy
Western Ghats,8.40227706790902,74.51641545675255,loam,2.0718322587055487,378.9105588435643,mid,2.0,Medium,region-rule-offline,region-rule-offline,Heavy
Coastal Odisha,18.24033439572176,83.7432998439229,clay,4.0,200.0,low,0.2,High,region-rule-offline,region-rule-offline,Heavy
Western Ghats,13.382365364457335,73.89856266398915,loam,2.0,300.0,mid,2.0,Medium,region-rule-offline,region-rule-offline,Heavy
Coastal Odisha,18.463660014996613,86.7195240627747,clay,4.123088858856765,171.61322129678877,low,0.2,High,region-rule-offline,region-rule-offline,Heavy
Coastal Odisha,19.785105319350084,85.70085021441636,clay,4.747431083747483,240.3832925102376,low,0.2,High,region-rule-offline,region-rule-offline,Heavy
Ganges Plains,27.38997746538984,84.82980825093513,silt,2.7129043959982173,114.12938539895768,low,0.5,High,region-rule-offline,region-rule-offline,Heavy
Ganges Plains,27.650511357379283,86.96414855869413,silt,3.0,120.0,low,0.5,High,region-rule-offline,region-rule-offline,Heavy
Ganges Plains,26.592141540986376,84.8730480453359,silt,3.0,120.0,low,0.5,High,region-rule-offline,region-rule-offline,Heavy
Coastal Odisha,19.990166144898232,86.75572001570842,clay,3.3515172468131356,250.9161263511438,low,0.2,High,region-rule-offline,region-rule-offline,Heavy
Western Ghats,14.007715812947783,76.0801847542961,loam,1.6463186818491142,215.29223886329612,mid,2.349913389821299,Medium,region-rule-offline,region-rule-offline,Heavy
Himalayan Foothills,31.185531586874607,80.08457244139908,sandy,1.0,80.0,high,5.0,Low,region-rule-offline,region-rule-offline,Moderate
Himalayan Foothills,32.49374633241774,82.81493393706276,sandy,1.0,80.0,high,5.0,Low,region-rule-offline,region-rule-offline,Moderate
Western Ghats,15.59689386172791,73.79744272945013,loam,1.5634765449284334,308.15506169396366,mid,2.0,Medium,region-rule-offline,region-rule-offline,Heavy
Himalayan Foothills,28.513677771748128,85.68141861797969,sandy,1.0,77.47314597693519,high,5.0,Low,region-rule-offline,region-rule-offline,Moderate
Coastal Odisha,18.9247750497904,86.59592595497035,clay,4.0,200.0,low,0.2,High,region-rule-offline,region-rule-offline,Heavy
Coastal Odisha,19.108581266216653,83.63098732942893,clay,4.0,200.0,low,0.2,High,region-rule-offline,region-rule-offline,Heavy
Western Ghats,13.201152745999,76.12493219844357,loam,2.0,300.0,mid,2.0,Medium,region-rule-offline,region-rule-offline,Heavy
Himalayan Foothills,29.978821981473793,85.17979980568522,sandy,1.0,80.0,high,5.0,Low,region-rule-offline,region-rule-offline,Moderate
Western Ghats,13.248464088894274,73.02217927255212,loam,2.099327986532082,313.7181751065533,mid,2.0,Medium,region-rule-offline,region-rule-offline,Heavy
Himalayan Foothills,31.185531586874607,80.08457244139908,sandy,1.0,80.0,high,5.0,Low,region-rule-offline,region-rule-offline,Moderate
Coastal Odisha,20.99536332256333,86.98438579142038,clay,4.971921798105952,245.074907361405,low,0.2,High,region-rule-offline,region-rule-offline,Heavy
Himalayan Foothills,28.547961319785912,90.2763109416639,sandy,1.0,80.7962823740881,high,5.0,Low,region-rule-offline,region-rule-offline,Moderate
Himalayan Foothills,29.155505760709104,74.271540083846,sandy,1.0,65.65625273378885,high,5.0,Low,region-rule-offline,region-rule-offline,Moderate
Coastal Odisha,20.87195292257902,86.98169075797085,clay,4.0,200.0,low,0.2,High,region-rule-offline,region-rule-offline,Heavy
Himalayan Foothills,33.928715288690526,84.49554734317945,sandy,1.0,99.64331044571227,high,5.0,Low,region-rule-offline,region-rule-offline,Moderate
Himalayan Foothills,28.444493021533837,83.95946843208797,sandy,1.0,75.17147122432617,high,5.0,Low,region-rule-offline,region-rule-offline,Moderate
Western Ghats,14.796605015996619,76.28932367236023,loam,1.6540399553906842,284.5237121193844,mid,2.153230926690972,Medium,region-rule-offline,region-rule-offline,Heavy
Western Ghats,12.305383251586047,74.93399001553279,loam,1.6163086531461686,332.03406332035377,mid,2.0,Medium,region-rule-offline,region-rule-offline,Heavy
Western Ghats,11.352170261038575,75.9900626759122,loam,2.0,300.0,mid,2.0,Medium,region-rule-offline,region-rule-offline,Heavy
Western Ghats,8.815210443567812,76.0899235398049,loam,2.0,300.0,mid,2.0,Medium,region-rule-offline,region-rule-offline,Heavy
Western Ghats,13.201152745999,76.12493219844357,loam,2.0,300.0,mid,2.0,Medium,region-rule-offline,region-rule-offline,Heavy
Western Ghats,8.155066296400086,75.15767619169013,loam,2.1382307421807534,354.37283822354345,mid,2.0,Medium,region-rule-offline,region-rule-offline,Heavy
Western Ghats,10.160659171099207,76.23279687522702,loam,1.563675940754651,238.7875701935472,mid,2.3800836318778478,Medium,region-rule-offline,region-rule-offline,Heavy
Coastal Odisha,19.36502510201743,84.69202994396065,clay,4.983282184233698,241.95789158281693,low,0.2,High,region-rule-offline,region-rule-offline,Heavy
Western Ghats,9.958740352626801,74.90054537687521,loam,2.0,300.0,mid,2.0,Medium,region-rule-offline,region-rule-offline,Heavy
Himalayan Foothills,30.90519152327625,85.76711502076797,sandy,1.0,80.0,high,5.0,Low,region-rule-offline,region-rule-offline,Moderate
Himalayan Foothills,31.72616392643289,83.58298733265748,sandy,1.0,67.78377253540499,high,5.0,Low,region-rule-offline,region-rule-offline,Moderate
Himalayan Foothills,29.9339295001498,76.75699014582807,sandy,1.0,55.187260741645005,high,5.0,Low,region-rule-offline,region-rule-offline,Moderate
Ganges Plains,27.38997746538984,84.82980825093513,silt,2.7129043959982173,114.12938539895768,low,0.5,High,region-rule-offline,region-rule-offline,Heavy
Western Ghats,14.01607858843828,76.3276971406211,loam,2.0,300.0,mid,2.0,Medium,region-rule-offline,region-rule-offline,Heavy
Himalayan Foothills,29.24672743494131,76.00947871080247,sandy,1.0,72.88725026300239,high,5.0,Low,region-rule-offline,region-rule-offline,Moderate
Himalayan Foothills,29.11089905462597,76.11130815769351,sandy,1.0,80.0,high,5.0,Low,region-rule-offline,region-rule-offline,Moderate
Himalayan Foothills,28.950268982831396,82.46594113305073,sandy,1.0,80.0,high,5.0,Low,region-rule-offline,region-rule-offline,Moderate
Western Ghats,14.368198081014242,73.67876558479222,loam,2.0,300.0,mid,2.0,Medium,region-rule-offline,region-rule-offline,Heavy
Western Ghats,12.978055687792518,73.10786580762056,loam,2.0,300.0,mid,2.0,Medium,region-rule-offline,region-rule-offline,Heavy
Ganges Plains,26.592141540986376,84.8730480453359,silt,3.0,120.0,low,0.5,High,region-rule-offline,region-rule-offline,Heavy
Ganges Plains,26.245472536652603,82.10193286818348,silt,3.0,120.0,low,0.5,High,region-rule-offline,region-rule-offline,Heavy
Western Ghats,14.80234591271037,75.40164645926738,loam,2.0,300.0,mid,2.0,Medium,region-rule-offline,region-rule-offline,Heavy
Western Ghats,8.2168163707225,75.57099859203734,loam,2.0,300.0,mid,2.0,Medium,region-rule-offline,region-rule-offline,Heavy
Coastal Odisha,20.906128094907476,85.31672116326503,clay,4.0,200.0,low,0.2,High,region-rule-offline,region-rule-offline,Heavy
Himalayan Foothills,30.62869657043427,85.26675055332127,sandy,1.0,80.0,high,5.0,Low,region-rule-offline,region-rule-offline,Moderate
Ganges Plains,26.818287344859694,80.36659506924529,silt,3.0,120.0,low,0.5,High,region-rule-offline,region-rule-offline,Heavy
Ganges Plains,25.19377916579453,85.11159595892804,silt,3.0,120.0,low,0.5,High,region-rule-offline,region-rule-offline,Heavy
Himalayan Foothills,31.377037582507384,77.77287472500232,sandy,1.0,69.60282169184924,high,5.0,Low,region-rule-offline,region-rule-offline,Moderate
Western Ghats,13.651353133556418,73.25691540285551,loam,2.0,300.0,mid,2.0,Medium,region-rule-offline,region-rule-offline,Heavy
Western Ghats,10.495657955157562,75.70938914740164,loam,2.0,300.0,mid,2.0,Medium,region-rule-offline,region-rule-offline,Heavy
Western Ghats,11.152162050717639,75.2575679320991,loam,2.0,300.0,mid,2.0,Medium,region-rule-offline,region-rule-offline,Heavy
Coastal Odisha,20.90698877185425,86.7054679320325,clay,4.0,200.0,low,0.2,High,region-rule-offline,region-rule-offline,Heavy
Coastal Odisha,20.593817088659893,86.90482413172386,clay,4.0,200.0,low,0.2,High,region-rule-offline,region-rule-offline,Heavy
Himalayan Foothills,32.88139620842784,82.45183557046387,sandy,1.0,73.22300973071977,high,5.0,Low,region-rule-offline,region-rule-offline,Moderate
Himalayan Foothills,30.8230049395098,84.37868029924005,sandy,1.0,75.56980142995229,high,5.0,Low,region-rule-offline,region-rule-offline,Moderate
Western Ghats,10.147164304393803,76.40685264007733,loam,2.0,300.0,mid,2.0,Medium,region-rule-offline,region-rule-offline,Heavy
Himalayan Foothills,31.25556156614317,79.8517038451871,sandy,1.0,78.84042619065373,high,5.0,Low,region-rule-offline,region-rule-offline,Moderate
Western Ghats,8.844310965151989,76.84315026885831,loam,2.0,300.0,mid,2.0,Medium,region-rule-offline,region-rule-offline,Heavy
Western Ghats,9.00976779899365,75.67783537847964,loam,2.0,300.0,mid,2.0,Medium,region-rule-offline,region-rule-offline,Heavy
Western Ghats,11.031914433026113,73.11479999108036,loam,2.3349063761205,256.1725741982824,mid,2.0,Medium,region-rule-offline,region-rule-offline,Heavy
Himalayan Foothills,32.44053583290727,90.00421380618218,sandy,1.0,73.07808958145506,high,5.0,Low,region-rule-offline,region-rule-offline,Moderate
Western Ghats,14.645848151124827,73.3466515922227,loam,2.0429071750241294,339.10203128156877,mid,2.0,Medium,region-rule-offline,region-rule-offline,Heavy
Himalayan Foothills,33.64638158060862,81.07685455804807,sandy,1.0,70.75733368943813,high,5.0,Low,region-rule-offline,region-rule-offline,Moderate
Ganges Plains,25.68768727874108,80.23837775550456,silt,3.3491809299009137,114.92698970267632,low,0.5,High,region-rule-offline,region-rule-offline,Heavy
Coastal Odisha,19.092664415343794,83.27989524450524,clay,2.918999282752101,215.99573055967332,low,0.2,High,region-rule-offline,region-rule-offline,Heavy
Himalayan Foothills,30.931467081092723,86.40512841616686,sandy,1.0,80.0,high,5.0,Low,region-rule-offline,region-rule-offline,Moderate
Ganges Plains,27.505470505890674,82.51742304638782,silt,3.0464984734456793,106.8276410164182,low,0.5,High,region-rule-offline,region-rule-offline,Heavy
Himalayan Foothills,31.377037582507384,77.77287472500232,sandy,1.0,69.60282169184924,high,5.0,Low,region-rule-offline,region-rule-offline,Moderate
Himalayan Foothills,28.55832010332803,76.21033160897807,sandy,1.0,80.0,high,5.0,Low,region-rule-offline,region-rule-offline,Moderate
Coastal Odisha,18.070993304104356,83.77251915331084,clay,4.0,200.0,low,0.2,High,region-rule-offline,region-rule-offline,Heavy
Coastal Odisha,19.20312087764836,83.23454159988871,clay,3.1451223652822993,186.3889873259337,low,0.2,High,region-rule-offline,region-rule-offline,Heavy
Ganges Plains,24.684554592792388,85.83301438360279,silt,4.067542709622416,137.5547555052745,low,0.5,High,region-rule-offline,region-rule-offline,Heavy
Ganges Plains,24.04592408777128,85.76577455488156,silt,3.0,120.0,low,0.5,High,region-rule-offline,region-rule-offline,Heavy
Himalayan Foothills,31.96256882315222,74.98408477423666,sandy,1.0,80.0,high,5.0,Low,region-rule-offline,region-rule-offline,Moderate
Western Ghats,10.814070421374598,76.01390050023754,loam,2.0,300.0,mid,2.0,Medium,region-rule-offline,region-rule-offline,Heavy
Ganges Plains,26.94588485665605,85.4135958993833,silt,3.0,120.0,low,0.5,High,region-rule-offline,region-rule-offline,Heavy
Western Ghats,11.78548948727461,76.60472330331302,loam,2.0,300.0,mid,2.0,Medium,region-rule-offline,region-rule-offline,Heavy
Ganges Plains,24.387723256915294,83.44840945925102,silt,3.0,120.0,low,0.5,High,region-rule-offline,region-rule-offline,Heavy
Western Ghats,13.609470002657613,74.10507430302474,loam,2.0,300.0,mid,2.0,Medium,region-rule-offline,region-rule-offline,Heavy
Western Ghats,14.853856258431474,76.06237830447228,loam,1.5804647363911637,286.46005235689506,mid,2.162142986782929,Medium,region-rule-offline,region-rule-offline,Heavy
Western Ghats,12.143662003549927,73.20087354056257,loam,2.1570489101112877,257.2138755155352,mid,2.0,Medium,region-rule-offline,region-rule-offline,Heavy
Himalayan Foothills,29.978821981473793,85.17979980568522,sandy,1.0,80.0,high,5.0,Low,region-rule-offline,region-rule-offline,Moderate
Himalayan Foothills,32.992859042613404,81.4691345894367,sandy,1.0,80.0,high,5.0,Low,region-rule-offline,region-rule-offline,Moderate
Himalayan Foothills,32.93269387179658,79.61344140278686,sandy,1.0,80.0,high,5.0,Low,region-rule-offline,region-rule-offline,Moderate
Western Ghats,11.427024105877955,74.48228350487223,loam,2.2836341721496995,357.9824900960954,mid,2.0,Medium,region-rule-offline,region-rule-offline,Heavy
Western Ghats,15.053049472022176,73.97545375676383,loam,1.8211438022191937,241.41770354492172,mid,1.8531493756053872,Medium,region-rule-offline,region-rule-offline,Heavy
Coastal Odisha,20.22585023351843,85.682514017732,clay,3.52563694960762,149.91626918289154,low,0.2,High,region-rule-offline,region-rule-offline,Heavy
Himalayan Foothills,33.88146779562025,76.63088721542763,sandy,1.0,80.0,high,5.0,Low,region-rule-offline,region-rule-offline,Moderate
Himalayan Foothills,33.88146779562025,76.63088721542763,sandy,1.0,80.0,high,5.0,Low,region-rule-offline,region-rule-offline,Moderate
Ganges Plains,24.881762488162785,84.71412547100726,silt,3.0,120.0,low,0.5,High,region-rule-offline,region-rule-offline,Heavy
Western Ghats,13.201152745999,76.12493219844357,loam,2.0,300.0,mid,2.0,Medium,region-rule-offline,region-rule-offline,Heavy
Coastal Odisha,18.325207641644134,84.73825503425857,clay,4.786069705950389,182.25620701052304,low,0.2,High,region-rule-offline,region-rule-offline,Heavy
Himalayan Foothills,28.995536735324347,77.84462443967041,sandy,1.0,72.63281045581316,high,5.0,Low,region-rule-offline,region-rule-offline,Moderate
Coastal Odisha,18.010637067263346,86.08447689207851,clay,4.0,200.0,low,0.2,High,region-rule-offline,region-rule-offline,Heavy
Western Ghats,13.340621860690824,76.95156981226579,loam,1.670398910154851,321.96479668182457,mid,2.0,Medium,region-rule-offline,region-rule-offline,Heavy
Coastal Odisha,19.092664415343794,83.27989524450524,clay,2.918999282752101,215.99573055967332,low,0.2,High,region-rule-offline,region-rule-offline,Heavy
Himalayan Foothills,32.47561262028166,78.28503464672268,sandy,1.0,83.59893930031626,high,5.681824374569349,Low,region-rule-offline,region-rule-offline,Moderate
Himalayan Foothills,30.7686873650727,74.2318568327016,sandy,1.0,80.0,high,5.0,Low,region-rule-offline,region-rule-offline,Moderate
Himalayan Foothills,32.47561262028166,78.28503464672268,sandy,1.0,83.59893930031626,high,5.681824374569349,Low,region-rule-offline,region-rule-offline,Moderate
Himalayan Foothills,29.10618202234049,72.97615762648797,sandy,1.0,103.73737413968095,high,5.0,Medium,region-rule-offline,region-rule-offline,Heavy
Ganges Plains,24.915767135244618,87.24336010404902,silt,2.652767968851375,119.49359554706875,low,0.5,High,region-rule-offline,region-rule-offline,Heavy
Western Ghats,13.658469149648615,74.74194858003071,loam,2.0,300.0,mid,2.0,Medium,region-rule-offline,region-rule-offline,Heavy
Western Ghats,11.486687808373093,73.11609927978687,loam,1.703668778319029,265.9574726276315,mid,1.9827694812958192,Medium,region-rule-offline,region-rule-offline,Heavy
Western Ghats,12.978055687792518,73.10786580762056,loam,2.0,300.0,mid,2.0,Medium,region-rule-offline,region-rule-offline,Heavy
Ganges Plains,27.997129873650906,86.68822068063962,silt,3.0,120.0,low,0.5,High,region-rule-offline,region-rule-offline,Heavy
Western Ghats,10.160659171099207,76.23279687522702,loam,1.563675940754651,238.7875701935472,mid,2.3800836318778478,Medium,region-rule-offline,region-rule-offline,Heavy
Western Ghats,8.844310965151989,76.84315026885831,loam,2.0,300.0,mid,2.0,Medium,region-rule-offline,region-rule-offline,Heavy
Western Ghats,11.78548948727461,76.60472330331302,loam,2.0,300.0,mid,2.0,Medium,region-rule-offline,region-rule-offline,Heavy
Ganges Plains,24.363637648695175,80.37693100339787,silt,2.21824586908917,127.43494482977964,low,0.5,High,region-rule-offline,region-rule-offline,Heavy
Himalayan Foothills,32.14365603667914,84.27215509507809,sandy,1.0,80.0,high,5.0,Low,region-rule-offline,region-rule-offline,Moderate
Himalayan Foothills,29.11089905462597,76.11130815769351,sandy,1.0,80.0,high,5.0,Low,region-rule-offline,region-rule-offline,Moderate
Himalayan Foothills,29.939642717655968,90.43350980936296,sandy,1.0,80.0,high,5.0,Low,region-rule-offline,region-rule-offline,Moderate
Himalayan Foothills,32.217925348562304,80.62659520173382,sandy,1.0,80.0,high,5.0,Low,region-rule-offline,region-rule-offline,Moderate
Western Ghats,15.59689386172791,73.79744272945013,loam,1.5634765449284334,308.15506169396366,mid,2.0,Medium,region-rule-offline,region-rule-offline,Heavy
Himalayan Foothills,33.210767183577666,81.3266951959518,sandy,1.0,92.48968273356257,high,5.0,Low,region-rule-offline,region-rule-offline,Moderate
Coastal Odisha,18.001217819091863,84.14765486747571,clay,4.0,200.0,low,0.2,High,region-rule-offline,region-rule-offline,Heavy
Himalayan Foothills,29.73166352983505,74.36271950531946,sandy,1.0,93.92777806296662,high,5.0,Low,region-rule-offline,region-rule-offline,Moderate
Himalayan Foothills,28.513677771748128,85.68141861797969,sandy,1.0,77.47314597693519,high,5.0,Low,region-rule-offline,region-rule-offline,Moderate
Coastal Odisha,18.795601244251205,86.73303751197484,clay,4.0,200.0,low,0.2,High,region-rule-offline,region-rule-offline,Heavy
Himalayan Foothills,30.944928010471518,87.06572449451403,sandy,1.0,80.0,high,5.0,Low,region-rule-offline,region-rule-offline,Moderate
Himalayan Foothills,30.944928010471518,87.06572449451403,sandy,1.0,80.0,high,5.0,Low,region-rule-offline,region-rule-offline,Moderate
Western Ghats,8.678364293800975,75.06180803966086,loam,1.2199543954410745,287.6549572111813,mid,2.0,Medium,region-rule-offline,region-rule-offline,Heavy
Coastal Odisha,20.340348725614326,86.53653880580404,clay,4.0,200.0,low,0.2,High,region-rule-offline,region-rule-offline,Heavy
Western Ghats,11.53727839443846,73.85480560395641,loam,1.8082872745094656,337.92430536942703,mid,2.0,Medium,region-rule-offline,region-rule-offline,Heavy
Himalayan Foothills,29.640549380279644,87.8597549659572,sandy,1.0,80.0,high,5.0,Low,region-rule-offline,region-rule-offline,Moderate
Ganges Plains,25.901129512394924,84.39842874795956,silt,2.207012859764059,107.46682438423309,low,0.5,High,region-rule-offline,region-rule-offline,Heavy
Western Ghats,8.678364293800975,75.06180803966086,loam,1.2199543954410745,287.6549572111813,mid,2.0,Medium,region-rule-offline,region-rule-offline,Heavy
Coastal Odisha,20.388366914664125,86.44281032800362,clay,4.0,200.0,low,0.2,High,region-rule-offline,region-rule-offline,Heavy
Western Ghats,9.977917900077276,75.55064574710462,loam,2.0,300.0,mid,2.0,Medium,region-rule-offline,region-rule-offline,Heavy
Himalayan Foothills,32.184504357461165,74.39931036620978,sandy,1.0,80.0,high,5.0,Low,region-rule-offline,region-rule-offline,Moderate
Himalayan Foothills,33.704717666838114,90.99187592067157,sandy,1.0,94.30861374054092,high,5.0,Low,region-rule-offline,region-rule-offline,Moderate
Western Ghats,13.609470002657613,74.10507430302474,loam,2.0,300.0,mid,2.0,Medium,region-rule-offline,region-rule-offline,Heavy
Western Ghats,8.163040138562659,73.60952938313916,loam,2.111193083931612,304.1106117699795,mid,2.0,Medium,region-rule-offline,region-rule-offline,Heavy
Coastal Odisha,18.070993304104356,83.77251915331084,clay,4.0,200.0,low,0.2,High,region-rule-offline,region-rule-offline,Heavy
Coastal Odisha,18.748589217668773,83.41117448668714,clay,4.0,200.0,low,0.2,High,region-rule-offline,region-rule-offline,Heavy
Western Ghats,11.955017352083495,73.97593775831376,loam,2.0,300.0,mid,2.0,Medium,region-rule-offline,region-rule-offline,Heavy
Ganges Plains,27.38997746538984,84.82980825093513,silt,2.7129043959982173,114.12938539895768,low,0.5,High,region-rule-offline,region-rule-offline,Heavy
Himalayan Foothills,28.72855650017572,90.48978950061219,sandy,1.0,80.0,high,5.0,Low,region-rule-offline,region-rule-offline,Moderate
Western Ghats,9.850091837825495,75.77579924919621,loam,2.387528858149975,317.4508682142933,mid,1.9919986592243637,Medium,region-rule-offline,region-rule-offline,Heavy
Western Ghats,12.763618547755357,76.80015843377262,loam,2.0,300.0,mid,2.0,Medium,region-rule-offline,region-rule-offline,Heavy
Himalayan Foothills,31.25556156614317,79.8517038451871,sandy,1.0,78.84042619065373,high,5.0,Low,region-rule-offline,region-rule-offline,Moderate
Ganges Plains,25.060226515760235,86.97946432868206,silt,3.0,120.0,low,0.5,High,region-rule-offline,region-rule-offline,Heavy
Ganges Plains,27.229987991066572,81.52327931489502,silt,3.0,120.0,low,0.5,High,region-rule-offline,region-rule-offline,Heavy
Coastal Odisha,19.20312087764836,83.23454159988871,clay,3.1451223652822993,186.3889873259337,low,0.2,High,region-rule-offline,region-rule-offline,Heavy
Ganges Plains,27.229987991066572,81.52327931489502,silt,3.0,120.0,low,0.5,High,region-rule-offline,region-rule-offline,Heavy
Western Ghats,11.260794957332694,75.17044456201566,loam,2.0,300.0,mid,2.0,Medium,region-rule-offline,region-rule-offline,Heavy
Himalayan Foothills,30.90519152327625,85.76711502076797,sandy,1.0,80.0,high,5.0,Low,region-rule-offline,region-rule-offline,Moderate
Ganges Plains,27.514887511292738,86.65332423488944,silt,3.0,120.0,low,0.5,High,region-rule-offline,region-rule-offline,Heavy
